{"cameraMode":{"drawMode":0,"name":"Shaded","section":"Shading Mode"},"sceneLighting":true,"audioPlay":false,"sceneViewState":{"m_AlwaysRefresh":false,"showFog":true,"showSkybox":true,"showFlares":true,"showImageEffects":true,"showParticleSystems":true,"showVisualEffectGraphs":true,"m_FxEnabled":true},"in2DMode":false,"pivot":{"x":17.63611602783203,"y":22.960351943969728,"z":81.31167602539063},"rotation":{"x":0.007173698395490646,"y":0.06804241985082627,"z":0.0004934159223921597,"w":-0.9976480007171631},"size":49.57123947143555,"orthographic":false}